{
  "mean": [
    127.05597381181273,
    701.7729381781782,
    0.8390901236550337,
    37.31259487860365,
    2588.086721209647,
    0.3485285721245,
    93449.69151791609,
    0.1643514565603446,
    7.328403509345854,
    1026.062207770248
  ],
  "scale": [
    21.11053634349565,
    525.8881793212556,
    0.16580973150973424,
    7.534198186763124,
    370.58414772264484,
    0.4498329223419755,
    84318.93987335062,
    0.16125288947480126,
    7.370604778266588,
    1346.1153863499767
  ],
  "n_features": 10
}